rainfall_24h,cumulative_rainfall_7d,slope,elevation,soil_type,historical_landslides,risk_label,risk_score
25.4,60.2,12.5,450,sandy_loam,0,LOW,0.12
35.0,72.1,18.0,520,clay,0,LOW,0.19
42.3,95.0,15.2,380,rocky,0,LOW,0.15
88.5,180.4,26.4,850,clay_loam,1,MEDIUM,0.48
105.2,210.0,31.0,980,sandy_loam,1,MEDIUM,0.55
92.0,195.5,28.5,910,clay,1,MEDIUM,0.51
115.0,230.2,33.0,1100,sandy_clay,2,HIGH,0.72
145.8,310.0,36.5,1250,clay_loam,2,HIGH,0.84
182.5,395.0,38.2,1250,clay_loam,3,HIGH,0.89
195.0,420.5,42.0,1400,clay,3,HIGH,0.94
210.0,460.0,44.5,1520,clay_loam,4,HIGH,0.98
30.1,65.0,10.0,300,alluvial,0,LOW,0.08
65.4,140.0,22.0,680,sandy_loam,0,MEDIUM,0.42
125.0,260.0,34.0,1050,clay,2,HIGH,0.78
160.0,340.0,37.0,1300,clay_loam,2,HIGH,0.86
15.0,40.0,8.0,250,alluvial,0,LOW,0.05
75.0,155.0,24.0,720,sandy_loam,1,MEDIUM,0.45
82.0,170.0,25.5,790,clay_loam,1,MEDIUM,0.49
170.0,360.0,39.0,1350,clay,3,HIGH,0.91
200.0,430.0,43.0,1480,clay_loam,4,HIGH,0.96
